2023-handbook-of-roses.json,https://raw.githubusercontent.com/gregpowerBTB/darReviewJSON/main/2023-handbook-of-roses.json
a-whiter-shade-of-pale.json,https://raw.githubusercontent.com/gregpowerBTB/darReviewJSON/main/a-whiter-shade-of-pale.json
adelaide-d-orleans.json,https://raw.githubusercontent.com/gregpowerBTB/darReviewJSON/main/adelaide-d-orleans.json
afternoon-tea-gift-card.json,https://raw.githubusercontent.com/gregpowerBTB/darReviewJSON/main/afternoon-tea-gift-card.json
alberic-barbier.json,https://raw.githubusercontent.com/gregpowerBTB/darReviewJSON/main/alberic-barbier.json
albertine.json,https://raw.githubusercontent.com/gregpowerBTB/darReviewJSON/main/albertine.json
alec-s-red.json,https://raw.githubusercontent.com/gregpowerBTB/darReviewJSON/main/alec-s-red.json
alexandre-girault.json,https://raw.githubusercontent.com/gregpowerBTB/darReviewJSON/main/alexandre-girault.json
arthur-bell.json,https://raw.githubusercontent.com/gregpowerBTB/darReviewJSON/main/arthur-bell.json
ballerina.json,https://raw.githubusercontent.com/gregpowerBTB/darReviewJSON/main/ballerina.json
barbara-austin-shrub-rose.json,https://raw.githubusercontent.com/gregpowerBTB/darReviewJSON/main/barbara-austin-shrub-rose.json
bathsheba-climbing-rose.json,https://raw.githubusercontent.com/gregpowerBTB/darReviewJSON/main/bathsheba-climbing-rose.json
bathsheba.json,https://raw.githubusercontent.com/gregpowerBTB/darReviewJSON/main/bathsheba.json
black-beauty.json,https://raw.githubusercontent.com/gregpowerBTB/darReviewJSON/main/black-beauty.json
blue-for-you.json,https://raw.githubusercontent.com/gregpowerBTB/darReviewJSON/main/blue-for-you.json
blue-glazed-ceramic-pot.json,https://raw.githubusercontent.com/gregpowerBTB/darReviewJSON/main/blue-glazed-ceramic-pot.json
bobbie-james.json,https://raw.githubusercontent.com/gregpowerBTB/darReviewJSON/main/bobbie-james.json
bonica.json,https://raw.githubusercontent.com/gregpowerBTB/darReviewJSON/main/bonica.json
boscobel-shrub-rose.json,https://raw.githubusercontent.com/gregpowerBTB/darReviewJSON/main/boscobel-shrub-rose.json
boscobel.json,https://raw.githubusercontent.com/gregpowerBTB/darReviewJSON/main/boscobel.json
bring-me-sunshine-climbing.json,https://raw.githubusercontent.com/gregpowerBTB/darReviewJSON/main/bring-me-sunshine-climbing.json
bring-me-sunshine.json,https://raw.githubusercontent.com/gregpowerBTB/darReviewJSON/main/bring-me-sunshine.json
bronte-rose-defence.json,https://raw.githubusercontent.com/gregpowerBTB/darReviewJSON/main/bronte-rose-defence.json
bronte-rose-shrub-plant-food.json,https://raw.githubusercontent.com/gregpowerBTB/darReviewJSON/main/bronte-rose-shrub-plant-food.json
burgon-ball-deadheading-snips.json,https://raw.githubusercontent.com/gregpowerBTB/darReviewJSON/main/burgon-ball-deadheading-snips.json
burgon-ball-ladies-groundbreaker-spade.json,https://raw.githubusercontent.com/gregpowerBTB/darReviewJSON/main/burgon-ball-ladies-groundbreaker-spade.json
buttercup.json,https://raw.githubusercontent.com/gregpowerBTB/darReviewJSON/main/buttercup.json
cambridgeshire.json,https://raw.githubusercontent.com/gregpowerBTB/darReviewJSON/main/cambridgeshire.json
cariad-shrub-rose.json,https://raw.githubusercontent.com/gregpowerBTB/darReviewJSON/main/cariad-shrub-rose.json
carolyn-knight.json,https://raw.githubusercontent.com/gregpowerBTB/darReviewJSON/main/carolyn-knight.json
carrs-special-organic-soil-improver.json,https://raw.githubusercontent.com/gregpowerBTB/darReviewJSON/main/carrs-special-organic-soil-improver.json
cecile-brunner-climbing-rose.json,https://raw.githubusercontent.com/gregpowerBTB/darReviewJSON/main/cecile-brunner-climbing-rose.json
champagne-moment.json,https://raw.githubusercontent.com/gregpowerBTB/darReviewJSON/main/champagne-moment.json
charles-darwin-shrub-rose.json,https://raw.githubusercontent.com/gregpowerBTB/darReviewJSON/main/charles-darwin-shrub-rose.json
charles-darwin.json,https://raw.githubusercontent.com/gregpowerBTB/darReviewJSON/main/charles-darwin.json
charles-de-mills.json,https://raw.githubusercontent.com/gregpowerBTB/darReviewJSON/main/charles-de-mills.json
charles-rennie-mackintosh-shrub-rose.json,https://raw.githubusercontent.com/gregpowerBTB/darReviewJSON/main/charles-rennie-mackintosh-shrub-rose.json
chris.json,https://raw.githubusercontent.com/gregpowerBTB/darReviewJSON/main/chris.json
christine.json,https://raw.githubusercontent.com/gregpowerBTB/darReviewJSON/main/christine.json
claire-austin-climbing-rose.json,https://raw.githubusercontent.com/gregpowerBTB/darReviewJSON/main/claire-austin-climbing-rose.json
comte-de-champagne.json,https://raw.githubusercontent.com/gregpowerBTB/darReviewJSON/main/comte-de-champagne.json
constance-spry-climbing-rose.json,https://raw.githubusercontent.com/gregpowerBTB/darReviewJSON/main/constance-spry-climbing-rose.json
crimson-glory.json,https://raw.githubusercontent.com/gregpowerBTB/darReviewJSON/main/crimson-glory.json
crimson-shower.json,https://raw.githubusercontent.com/gregpowerBTB/darReviewJSON/main/crimson-shower.json
dame-judi-dench-rose.json,https://raw.githubusercontent.com/gregpowerBTB/darReviewJSON/main/dame-judi-dench-rose.json
dame-judi-dench.json,https://raw.githubusercontent.com/gregpowerBTB/darReviewJSON/main/dame-judi-dench.json
dannahue.json,https://raw.githubusercontent.com/gregpowerBTB/darReviewJSON/main/dannahue.json
danse-de-feu.json,https://raw.githubusercontent.com/gregpowerBTB/darReviewJSON/main/danse-de-feu.json
david-austin-2023-wall-calendar.json,https://raw.githubusercontent.com/gregpowerBTB/darReviewJSON/main/david-austin-2023-wall-calendar.json
david-austin-2024-wall-calendar.json,https://raw.githubusercontent.com/gregpowerBTB/darReviewJSON/main/david-austin-2024-wall-calendar.json
david-austin-2025-wall-calendar.json,https://raw.githubusercontent.com/gregpowerBTB/darReviewJSON/main/david-austin-2025-wall-calendar.json
david-austin-controlled-release-rose-food.json,https://raw.githubusercontent.com/gregpowerBTB/darReviewJSON/main/david-austin-controlled-release-rose-food.json
david-austin-mycorrhizal-fungi.json,https://raw.githubusercontent.com/gregpowerBTB/darReviewJSON/main/david-austin-mycorrhizal-fungi.json
david-austin-roses-e-gift-card.json,https://raw.githubusercontent.com/gregpowerBTB/darReviewJSON/main/david-austin-roses-e-gift-card.json
david-austin-roses-gift-card.json,https://raw.githubusercontent.com/gregpowerBTB/darReviewJSON/main/david-austin-roses-gift-card.json
david-austin-watering-can.json,https://raw.githubusercontent.com/gregpowerBTB/darReviewJSON/main/david-austin-watering-can.json
desdemona-shrub-rose.json,https://raw.githubusercontent.com/gregpowerBTB/darReviewJSON/main/desdemona-shrub-rose.json
desdemona.json,https://raw.githubusercontent.com/gregpowerBTB/darReviewJSON/main/desdemona.json
dutch-gold.json,https://raw.githubusercontent.com/gregpowerBTB/darReviewJSON/main/dutch-gold.json
eglantyne.json,https://raw.githubusercontent.com/gregpowerBTB/darReviewJSON/main/eglantyne.json
elizabeth.json,https://raw.githubusercontent.com/gregpowerBTB/darReviewJSON/main/elizabeth.json
emily-bronte-english-shrub-rose.json,https://raw.githubusercontent.com/gregpowerBTB/darReviewJSON/main/emily-bronte-english-shrub-rose.json
emily-bronte.json,https://raw.githubusercontent.com/gregpowerBTB/darReviewJSON/main/emily-bronte.json
emma-bridgewater.json,https://raw.githubusercontent.com/gregpowerBTB/darReviewJSON/main/emma-bridgewater.json
england-s-rose-shrub-rose.json,https://raw.githubusercontent.com/gregpowerBTB/darReviewJSON/main/england-s-rose-shrub-rose.json
england-s-rose.json,https://raw.githubusercontent.com/gregpowerBTB/darReviewJSON/main/england-s-rose.json
english-rose-teacup-and-saucer.json,https://raw.githubusercontent.com/gregpowerBTB/darReviewJSON/main/english-rose-teacup-and-saucer.json
etoile-de-hollande.json,https://raw.githubusercontent.com/gregpowerBTB/darReviewJSON/main/etoile-de-hollande.json
eustacia-vye.json,https://raw.githubusercontent.com/gregpowerBTB/darReviewJSON/main/eustacia-vye.json
falstaff-shrub-rose.json,https://raw.githubusercontent.com/gregpowerBTB/darReviewJSON/main/falstaff-shrub-rose.json
felco-secateurs-no-2.json,https://raw.githubusercontent.com/gregpowerBTB/darReviewJSON/main/felco-secateurs-no-2.json
felco-secateurs-no-6.json,https://raw.githubusercontent.com/gregpowerBTB/darReviewJSON/main/felco-secateurs-no-6.json
felicia.json,https://raw.githubusercontent.com/gregpowerBTB/darReviewJSON/main/felicia.json
felicite-perpetue.json,https://raw.githubusercontent.com/gregpowerBTB/darReviewJSON/main/felicite-perpetue.json
ferdinand-pichard.json,https://raw.githubusercontent.com/gregpowerBTB/darReviewJSON/main/ferdinand-pichard.json
fighting-temeraire.json,https://raw.githubusercontent.com/gregpowerBTB/darReviewJSON/main/fighting-temeraire.json
francis-e-lester.json,https://raw.githubusercontent.com/gregpowerBTB/darReviewJSON/main/francis-e-lester.json
freedom.json,https://raw.githubusercontent.com/gregpowerBTB/darReviewJSON/main/freedom.json
friends-of-the-bees-gift-box.json,https://raw.githubusercontent.com/gregpowerBTB/darReviewJSON/main/friends-of-the-bees-gift-box.json
fungus-clear-ultra-gun.json,https://raw.githubusercontent.com/gregpowerBTB/darReviewJSON/main/fungus-clear-ultra-gun.json
fungus-clear-ultra.json,https://raw.githubusercontent.com/gregpowerBTB/darReviewJSON/main/fungus-clear-ultra.json
gabriel-oak.json,https://raw.githubusercontent.com/gregpowerBTB/darReviewJSON/main/gabriel-oak.json
garden-lovers-gift-box.json,https://raw.githubusercontent.com/gregpowerBTB/darReviewJSON/main/garden-lovers-gift-box.json
gentle-hermione-shrub-rose.json,https://raw.githubusercontent.com/gregpowerBTB/darReviewJSON/main/gentle-hermione-shrub-rose.json
gentle-hermione.json,https://raw.githubusercontent.com/gregpowerBTB/darReviewJSON/main/gentle-hermione.json
gertrude-jekyll-climbing-rose.json,https://raw.githubusercontent.com/gregpowerBTB/darReviewJSON/main/gertrude-jekyll-climbing-rose.json
gertrude-jekyll-english-climbing-rose.json,https://raw.githubusercontent.com/gregpowerBTB/darReviewJSON/main/gertrude-jekyll-english-climbing-rose.json
gertrude-jekyll-shrub-rose.json,https://raw.githubusercontent.com/gregpowerBTB/darReviewJSON/main/gertrude-jekyll-shrub-rose.json
gertrude-jekyll.json,https://raw.githubusercontent.com/gregpowerBTB/darReviewJSON/main/gertrude-jekyll.json
ghislaine-de-feligonde.json,https://raw.githubusercontent.com/gregpowerBTB/darReviewJSON/main/ghislaine-de-feligonde.json
golden-celebration-shrub-rose.json,https://raw.githubusercontent.com/gregpowerBTB/darReviewJSON/main/golden-celebration-shrub-rose.json
golden-celebration.json,https://raw.githubusercontent.com/gregpowerBTB/darReviewJSON/main/golden-celebration.json
golden-gate.json,https://raw.githubusercontent.com/gregpowerBTB/darReviewJSON/main/golden-gate.json
goldfinch.json,https://raw.githubusercontent.com/gregpowerBTB/darReviewJSON/main/goldfinch.json
grace-shrub-rose.json,https://raw.githubusercontent.com/gregpowerBTB/darReviewJSON/main/grace-shrub-rose.json
grace.json,https://raw.githubusercontent.com/gregpowerBTB/darReviewJSON/main/grace.json
grandpa-dickson.json,https://raw.githubusercontent.com/gregpowerBTB/darReviewJSON/main/grandpa-dickson.json
growth-stimulant-maxicrop.json,https://raw.githubusercontent.com/gregpowerBTB/darReviewJSON/main/growth-stimulant-maxicrop.json
hansa.json,https://raw.githubusercontent.com/gregpowerBTB/darReviewJSON/main/hansa.json
harlow-carr-shrub-rose.json,https://raw.githubusercontent.com/gregpowerBTB/darReviewJSON/main/harlow-carr-shrub-rose.json
harlow-carr.json,https://raw.githubusercontent.com/gregpowerBTB/darReviewJSON/main/harlow-carr.json
hero.json,https://raw.githubusercontent.com/gregpowerBTB/darReviewJSON/main/hero.json
hyde-hall.json,https://raw.githubusercontent.com/gregpowerBTB/darReviewJSON/main/hyde-hall.json
iceberg-climbing-rose.json,https://raw.githubusercontent.com/gregpowerBTB/darReviewJSON/main/iceberg-climbing-rose.json
iceberg.json,https://raw.githubusercontent.com/gregpowerBTB/darReviewJSON/main/iceberg.json
imogen.json,https://raw.githubusercontent.com/gregpowerBTB/darReviewJSON/main/imogen.json
ispahan.json,https://raw.githubusercontent.com/gregpowerBTB/darReviewJSON/main/ispahan.json
james-galway-climbing-rose.json,https://raw.githubusercontent.com/gregpowerBTB/darReviewJSON/main/james-galway-climbing-rose.json
james-l-austin-rose.json,https://raw.githubusercontent.com/gregpowerBTB/darReviewJSON/main/james-l-austin-rose.json
james-l-austin.json,https://raw.githubusercontent.com/gregpowerBTB/darReviewJSON/main/james-l-austin.json
jubilee-celebration-shrub-rose.json,https://raw.githubusercontent.com/gregpowerBTB/darReviewJSON/main/jubilee-celebration-shrub-rose.json
julia-s-rose.json,https://raw.githubusercontent.com/gregpowerBTB/darReviewJSON/main/julia-s-rose.json
just-joey.json,https://raw.githubusercontent.com/gregpowerBTB/darReviewJSON/main/just-joey.json
jute-twine-ball.json,https://raw.githubusercontent.com/gregpowerBTB/darReviewJSON/main/jute-twine-ball.json
kathleen-harrop.json,https://raw.githubusercontent.com/gregpowerBTB/darReviewJSON/main/kathleen-harrop.json
kew-gardens-shrub-rose.json,https://raw.githubusercontent.com/gregpowerBTB/darReviewJSON/main/kew-gardens-shrub-rose.json
kew-gardens.json,https://raw.githubusercontent.com/gregpowerBTB/darReviewJSON/main/kew-gardens.json
kew-rambler.json,https://raw.githubusercontent.com/gregpowerBTB/darReviewJSON/main/kew-rambler.json
l-d-braithwaite-shrub-rose.json,https://raw.githubusercontent.com/gregpowerBTB/darReviewJSON/main/l-d-braithwaite-shrub-rose.json
l-d-braithwaite.json,https://raw.githubusercontent.com/gregpowerBTB/darReviewJSON/main/l-d-braithwaite.json
lady-hillingdon.json,https://raw.githubusercontent.com/gregpowerBTB/darReviewJSON/main/lady-hillingdon.json
lady-of-shalott-shrub-rose.json,https://raw.githubusercontent.com/gregpowerBTB/darReviewJSON/main/lady-of-shalott-shrub-rose.json
lady-of-shalott.json,https://raw.githubusercontent.com/gregpowerBTB/darReviewJSON/main/lady-of-shalott.json
lady-sylvia-climbing-rose.json,https://raw.githubusercontent.com/gregpowerBTB/darReviewJSON/main/lady-sylvia-climbing-rose.json
lady-sylvia.json,https://raw.githubusercontent.com/gregpowerBTB/darReviewJSON/main/lady-sylvia.json
lichfield-angel-shrub-rose.json,https://raw.githubusercontent.com/gregpowerBTB/darReviewJSON/main/lichfield-angel-shrub-rose.json
lichfield-angel.json,https://raw.githubusercontent.com/gregpowerBTB/darReviewJSON/main/lichfield-angel.json
little-white-pet.json,https://raw.githubusercontent.com/gregpowerBTB/darReviewJSON/main/little-white-pet.json
lochinvar.json,https://raw.githubusercontent.com/gregpowerBTB/darReviewJSON/main/lochinvar.json
maigold.json,https://raw.githubusercontent.com/gregpowerBTB/darReviewJSON/main/maigold.json
malvern-hills.json,https://raw.githubusercontent.com/gregpowerBTB/darReviewJSON/main/malvern-hills.json
malvern-hillsrambling-rose.json,https://raw.githubusercontent.com/gregpowerBTB/darReviewJSON/main/malvern-hillsrambling-rose.json
margaret-merril.json,https://raw.githubusercontent.com/gregpowerBTB/darReviewJSON/main/margaret-merril.json
marlena.json,https://raw.githubusercontent.com/gregpowerBTB/darReviewJSON/main/marlena.json
mary-delany-climbing-rose.json,https://raw.githubusercontent.com/gregpowerBTB/darReviewJSON/main/mary-delany-climbing-rose.json
mme-alfred-carriere.json,https://raw.githubusercontent.com/gregpowerBTB/darReviewJSON/main/mme-alfred-carriere.json
mme-plantier.json,https://raw.githubusercontent.com/gregpowerBTB/darReviewJSON/main/mme-plantier.json
molineux-shrub-rose.json,https://raw.githubusercontent.com/gregpowerBTB/darReviewJSON/main/molineux-shrub-rose.json
molineux.json,https://raw.githubusercontent.com/gregpowerBTB/darReviewJSON/main/molineux.json
morning-mist-shrub-rose.json,https://raw.githubusercontent.com/gregpowerBTB/darReviewJSON/main/morning-mist-shrub-rose.json
moss-kneelo-kneeling-pad.json,https://raw.githubusercontent.com/gregpowerBTB/darReviewJSON/main/moss-kneelo-kneeling-pad.json
new-dawn.json,https://raw.githubusercontent.com/gregpowerBTB/darReviewJSON/main/new-dawn.json
niwaki-sharpening-stone.json,https://raw.githubusercontent.com/gregpowerBTB/darReviewJSON/main/niwaki-sharpening-stone.json
noble-antony-shrub-rose.json,https://raw.githubusercontent.com/gregpowerBTB/darReviewJSON/main/noble-antony-shrub-rose.json
nye-bevan.json,https://raw.githubusercontent.com/gregpowerBTB/darReviewJSON/main/nye-bevan.json
olivia-rose-austin-shrub-rose.json,https://raw.githubusercontent.com/gregpowerBTB/darReviewJSON/main/olivia-rose-austin-shrub-rose.json
olivia-rose-austin.json,https://raw.githubusercontent.com/gregpowerBTB/darReviewJSON/main/olivia-rose-austin.json
open-arms.json,https://raw.githubusercontent.com/gregpowerBTB/darReviewJSON/main/open-arms.json
pascali.json,https://raw.githubusercontent.com/gregpowerBTB/darReviewJSON/main/pascali.json
paul-noel.json,https://raw.githubusercontent.com/gregpowerBTB/darReviewJSON/main/paul-noel.json
paul-s-himalayan-musk.json,https://raw.githubusercontent.com/gregpowerBTB/darReviewJSON/main/paul-s-himalayan-musk.json
peace.json,https://raw.githubusercontent.com/gregpowerBTB/darReviewJSON/main/peace.json
penelope-lively.json,https://raw.githubusercontent.com/gregpowerBTB/darReviewJSON/main/penelope-lively.json
perle-d-or.json,https://raw.githubusercontent.com/gregpowerBTB/darReviewJSON/main/perle-d-or.json
phyllis-bide.json,https://raw.githubusercontent.com/gregpowerBTB/darReviewJSON/main/phyllis-bide.json
port-sunlight-shrub-rose.json,https://raw.githubusercontent.com/gregpowerBTB/darReviewJSON/main/port-sunlight-shrub-rose.json
princess-alexandra-of-kent-shrub-rose.json,https://raw.githubusercontent.com/gregpowerBTB/darReviewJSON/main/princess-alexandra-of-kent-shrub-rose.json
princess-alexandra-of-kent.json,https://raw.githubusercontent.com/gregpowerBTB/darReviewJSON/main/princess-alexandra-of-kent.json
princess-anne-shrub-rose.json,https://raw.githubusercontent.com/gregpowerBTB/darReviewJSON/main/princess-anne-shrub-rose.json
princess-anne.json,https://raw.githubusercontent.com/gregpowerBTB/darReviewJSON/main/princess-anne.json
pruning-workshop.json,https://raw.githubusercontent.com/gregpowerBTB/darReviewJSON/main/pruning-workshop.json
queen-of-sweden-shrub-rose.json,https://raw.githubusercontent.com/gregpowerBTB/darReviewJSON/main/queen-of-sweden-shrub-rose.json
queen-of-sweden.json,https://raw.githubusercontent.com/gregpowerBTB/darReviewJSON/main/queen-of-sweden.json
r-glauca.json,https://raw.githubusercontent.com/gregpowerBTB/darReviewJSON/main/r-glauca.json
r-moyesii-geranium.json,https://raw.githubusercontent.com/gregpowerBTB/darReviewJSON/main/r-moyesii-geranium.json
r-xanthina-var-spontanea-canary-bird.json,https://raw.githubusercontent.com/gregpowerBTB/darReviewJSON/main/r-xanthina-var-spontanea-canary-bird.json
rambling-rector.json,https://raw.githubusercontent.com/gregpowerBTB/darReviewJSON/main/rambling-rector.json
rambling-rosie.json,https://raw.githubusercontent.com/gregpowerBTB/darReviewJSON/main/rambling-rosie.json
reine-victoria.json,https://raw.githubusercontent.com/gregpowerBTB/darReviewJSON/main/reine-victoria.json
roald-dahl-shrub-rose.json,https://raw.githubusercontent.com/gregpowerBTB/darReviewJSON/main/roald-dahl-shrub-rose.json
roald-dahl.json,https://raw.githubusercontent.com/gregpowerBTB/darReviewJSON/main/roald-dahl.json
rosa-mundi.json,https://raw.githubusercontent.com/gregpowerBTB/darReviewJSON/main/rosa-mundi.json
rose-de-rescht.json,https://raw.githubusercontent.com/gregpowerBTB/darReviewJSON/main/rose-de-rescht.json
rose-gauntlets-ladies.json,https://raw.githubusercontent.com/gregpowerBTB/darReviewJSON/main/rose-gauntlets-ladies.json
rose-pruning-sleeves.json,https://raw.githubusercontent.com/gregpowerBTB/darReviewJSON/main/rose-pruning-sleeves.json
royal-jubilee-shrub-rose.json,https://raw.githubusercontent.com/gregpowerBTB/darReviewJSON/main/royal-jubilee-shrub-rose.json
royal-jubilee.json,https://raw.githubusercontent.com/gregpowerBTB/darReviewJSON/main/royal-jubilee.json
rushing-stream.json,https://raw.githubusercontent.com/gregpowerBTB/darReviewJSON/main/rushing-stream.json
scarborough-fair-shrub-rose.json,https://raw.githubusercontent.com/gregpowerBTB/darReviewJSON/main/scarborough-fair-shrub-rose.json
scarborough-fair.json,https://raw.githubusercontent.com/gregpowerBTB/darReviewJSON/main/scarborough-fair.json
scented-carpet.json,https://raw.githubusercontent.com/gregpowerBTB/darReviewJSON/main/scented-carpet.json
scepter-d-isle-shrub-rose.json,https://raw.githubusercontent.com/gregpowerBTB/darReviewJSON/main/scepter-d-isle-shrub-rose.json
scepter-d-isle.json,https://raw.githubusercontent.com/gregpowerBTB/darReviewJSON/main/scepter-d-isle.json
shropshire-lass-climbing-rose.json,https://raw.githubusercontent.com/gregpowerBTB/darReviewJSON/main/shropshire-lass-climbing-rose.json
silas-marner.json,https://raw.githubusercontent.com/gregpowerBTB/darReviewJSON/main/silas-marner.json
single-tree-tie.json,https://raw.githubusercontent.com/gregpowerBTB/darReviewJSON/main/single-tree-tie.json
sir-john-betjeman-shrub-rose.json,https://raw.githubusercontent.com/gregpowerBTB/darReviewJSON/main/sir-john-betjeman-shrub-rose.json
soft-touch-gloves-ladies.json,https://raw.githubusercontent.com/gregpowerBTB/darReviewJSON/main/soft-touch-gloves-ladies.json
sombreuil.json,https://raw.githubusercontent.com/gregpowerBTB/darReviewJSON/main/sombreuil.json
sophy-s-rose.json,https://raw.githubusercontent.com/gregpowerBTB/darReviewJSON/main/sophy-s-rose.json
spirit-of-freedom-shrub-rose.json,https://raw.githubusercontent.com/gregpowerBTB/darReviewJSON/main/spirit-of-freedom-shrub-rose.json
spirit-of-freedom.json,https://raw.githubusercontent.com/gregpowerBTB/darReviewJSON/main/spirit-of-freedom.json
strawberry-hill-shrub-rose.json,https://raw.githubusercontent.com/gregpowerBTB/darReviewJSON/main/strawberry-hill-shrub-rose.json
strawberry-hill.json,https://raw.githubusercontent.com/gregpowerBTB/darReviewJSON/main/strawberry-hill.json
summer-song-shrub-rose.json,https://raw.githubusercontent.com/gregpowerBTB/darReviewJSON/main/summer-song-shrub-rose.json
summer-song.json,https://raw.githubusercontent.com/gregpowerBTB/darReviewJSON/main/summer-song.json
super-dorothy.json,https://raw.githubusercontent.com/gregpowerBTB/darReviewJSON/main/super-dorothy.json
susan-williams-ellis-shrub-rose.json,https://raw.githubusercontent.com/gregpowerBTB/darReviewJSON/main/susan-williams-ellis-shrub-rose.json
susan-williams-ellis.json,https://raw.githubusercontent.com/gregpowerBTB/darReviewJSON/main/susan-williams-ellis.json
sweet-dream.json,https://raw.githubusercontent.com/gregpowerBTB/darReviewJSON/main/sweet-dream.json
the-albrighton-rambler-rambling-rose.json,https://raw.githubusercontent.com/gregpowerBTB/darReviewJSON/main/the-albrighton-rambler-rambling-rose.json
the-albrighton-ramblerrambling-rose.json,https://raw.githubusercontent.com/gregpowerBTB/darReviewJSON/main/the-albrighton-ramblerrambling-rose.json
the-alnwickr-rose-shrub-rose.json,https://raw.githubusercontent.com/gregpowerBTB/darReviewJSON/main/the-alnwickr-rose-shrub-rose.json
the-ancient-mariner-shrub-rose.json,https://raw.githubusercontent.com/gregpowerBTB/darReviewJSON/main/the-ancient-mariner-shrub-rose.json
the-ancient-mariner.json,https://raw.githubusercontent.com/gregpowerBTB/darReviewJSON/main/the-ancient-mariner.json
the-breathing-earth-by-david-austin.json,https://raw.githubusercontent.com/gregpowerBTB/darReviewJSON/main/the-breathing-earth-by-david-austin.json
the-country-parson.json,https://raw.githubusercontent.com/gregpowerBTB/darReviewJSON/main/the-country-parson.json
the-garland.json,https://raw.githubusercontent.com/gregpowerBTB/darReviewJSON/main/the-garland.json
the-generous-gardener-climbing-rose.json,https://raw.githubusercontent.com/gregpowerBTB/darReviewJSON/main/the-generous-gardener-climbing-rose.json
the-ingenious-mr-fairchild-shrub-rose.json,https://raw.githubusercontent.com/gregpowerBTB/darReviewJSON/main/the-ingenious-mr-fairchild-shrub-rose.json
the-kings-rose.json,https://raw.githubusercontent.com/gregpowerBTB/darReviewJSON/main/the-kings-rose.json
the-lady-gardener-shrub-rose.json,https://raw.githubusercontent.com/gregpowerBTB/darReviewJSON/main/the-lady-gardener-shrub-rose.json
the-lady-gardener.json,https://raw.githubusercontent.com/gregpowerBTB/darReviewJSON/main/the-lady-gardener.json
the-lady-of-the-lake-rambling-rose.json,https://raw.githubusercontent.com/gregpowerBTB/darReviewJSON/main/the-lady-of-the-lake-rambling-rose.json
the-lady-of-the-lakerambling-rose.json,https://raw.githubusercontent.com/gregpowerBTB/darReviewJSON/main/the-lady-of-the-lakerambling-rose.json
the-lady-s-blush.json,https://raw.githubusercontent.com/gregpowerBTB/darReviewJSON/main/the-lady-s-blush.json
the-lark-ascending-shrub-rose.json,https://raw.githubusercontent.com/gregpowerBTB/darReviewJSON/main/the-lark-ascending-shrub-rose.json
the-lark-ascending.json,https://raw.githubusercontent.com/gregpowerBTB/darReviewJSON/main/the-lark-ascending.json
the-mayflower-shrub-rose.json,https://raw.githubusercontent.com/gregpowerBTB/darReviewJSON/main/the-mayflower-shrub-rose.json
the-mayflower.json,https://raw.githubusercontent.com/gregpowerBTB/darReviewJSON/main/the-mayflower.json
the-mill-on-the-floss.json,https://raw.githubusercontent.com/gregpowerBTB/darReviewJSON/main/the-mill-on-the-floss.json
the-pilgrim-climbing-rose.json,https://raw.githubusercontent.com/gregpowerBTB/darReviewJSON/main/the-pilgrim-climbing-rose.json
the-poet-s-wife-shrub-rose.json,https://raw.githubusercontent.com/gregpowerBTB/darReviewJSON/main/the-poet-s-wife-shrub-rose.json
the-poet-s-wife.json,https://raw.githubusercontent.com/gregpowerBTB/darReviewJSON/main/the-poet-s-wife.json
the-shepherdess-shrub-rose.json,https://raw.githubusercontent.com/gregpowerBTB/darReviewJSON/main/the-shepherdess-shrub-rose.json
the-winter-gardeners-gift-box.json,https://raw.githubusercontent.com/gregpowerBTB/darReviewJSON/main/the-winter-gardeners-gift-box.json
thomas-a-becket-shrub-rose.json,https://raw.githubusercontent.com/gregpowerBTB/darReviewJSON/main/thomas-a-becket-shrub-rose.json
thomas-a-becket.json,https://raw.githubusercontent.com/gregpowerBTB/darReviewJSON/main/thomas-a-becket.json
tin-twine.json,https://raw.githubusercontent.com/gregpowerBTB/darReviewJSON/main/tin-twine.json
tottering-by-gently-english-shrub-rose.json,https://raw.githubusercontent.com/gregpowerBTB/darReviewJSON/main/tottering-by-gently-english-shrub-rose.json
tottering-by-gently.json,https://raw.githubusercontent.com/gregpowerBTB/darReviewJSON/main/tottering-by-gently.json
tranquillity-shrub-rose.json,https://raw.githubusercontent.com/gregpowerBTB/darReviewJSON/main/tranquillity-shrub-rose.json
tranquillity.json,https://raw.githubusercontent.com/gregpowerBTB/darReviewJSON/main/tranquillity.json
tuscany-superb.json,https://raw.githubusercontent.com/gregpowerBTB/darReviewJSON/main/tuscany-superb.json
valencia.json,https://raw.githubusercontent.com/gregpowerBTB/darReviewJSON/main/valencia.json
vanessa-bell-rose.json,https://raw.githubusercontent.com/gregpowerBTB/darReviewJSON/main/vanessa-bell-rose.json
vanessa-bell-shrub-rose.json,https://raw.githubusercontent.com/gregpowerBTB/darReviewJSON/main/vanessa-bell-shrub-rose.json
vanessa-bell.json,https://raw.githubusercontent.com/gregpowerBTB/darReviewJSON/main/vanessa-bell.json
veilchenblau.json,https://raw.githubusercontent.com/gregpowerBTB/darReviewJSON/main/veilchenblau.json
velvet-fragrance.json,https://raw.githubusercontent.com/gregpowerBTB/darReviewJSON/main/velvet-fragrance.json
warm-welcome.json,https://raw.githubusercontent.com/gregpowerBTB/darReviewJSON/main/warm-welcome.json
wedding-day.json,https://raw.githubusercontent.com/gregpowerBTB/darReviewJSON/main/wedding-day.json
wildeve-shrub-rose.json,https://raw.githubusercontent.com/gregpowerBTB/darReviewJSON/main/wildeve-shrub-rose.json
william-and-catherine-shrub-rose.json,https://raw.githubusercontent.com/gregpowerBTB/darReviewJSON/main/william-and-catherine-shrub-rose.json
william-and-catherine.json,https://raw.githubusercontent.com/gregpowerBTB/darReviewJSON/main/william-and-catherine.json
winter-touch-gloves-ladies.json,https://raw.githubusercontent.com/gregpowerBTB/darReviewJSON/main/winter-touch-gloves-ladies.json
winter-touch-gloves-mens.json,https://raw.githubusercontent.com/gregpowerBTB/darReviewJSON/main/winter-touch-gloves-mens.json
wisley-2008-shrub-rose.json,https://raw.githubusercontent.com/gregpowerBTB/darReviewJSON/main/wisley-2008-shrub-rose.json
wollerton-old-hall-climbing-rose.json,https://raw.githubusercontent.com/gregpowerBTB/darReviewJSON/main/wollerton-old-hall-climbing-rose.json
wollerton-old-hall.json,https://raw.githubusercontent.com/gregpowerBTB/darReviewJSON/main/wollerton-old-hall.json
young-lycidas.json,https://raw.githubusercontent.com/gregpowerBTB/darReviewJSON/main/young-lycidas.json
zephirine-drouhin.json,https://raw.githubusercontent.com/gregpowerBTB/darReviewJSON/main/zephirine-drouhin.json
